transaction_id,amount,location,time_of_day,transaction_type,is_fraud
TXN1000,1878.9551930483387,New York,13,ATM,0
TXN1001,8953.615824194818,London,3,UPI,1
TXN1002,9621.980976882653,Paris,2,Card,1
TXN1003,2997.3058361432127,Tokyo,13,Wire,0
TXN1004,788.5330158077583,Paris,1,Card,0
TXN1005,788.4126564776512,Paris,17,UPI,0
TXN1006,299.8372247193153,Paris,20,Wire,0
TXN1007,4332.218967416927,Mumbai,0,Card,0
TXN1008,3009.5639085986118,Tokyo,7,UPI,0
TXN1009,3543.282163202267,Mumbai,9,UPI,0
TXN1010,112.7166265360542,Tokyo,14,Wire,0
TXN1011,4849.850162288351,London,4,Wire,0
TXN1012,4163.888777594105,Tokyo,14,Wire,0
TXN1013,1069.572162284598,Mumbai,2,UPI,0
TXN1014,917.3065863634321,New York,5,UPI,0
TXN1015,925.1885041686347,Paris,21,UPI,0
TXN1016,1528.1687923680931,Tokyo,21,Card,0
TXN1017,2628.534593844867,New York,14,UPI,0
TXN1018,2165.4056430241576,New York,2,UPI,0
TXN1019,1463.233409588229,Mumbai,13,Wire,0
TXN1020,3063.1459446646736,New York,20,Card,0
TXN1021,706.0743646536888,Paris,10,UPI,0
TXN1022,1467.8017961907385,New York,8,Wire,0
TXN1023,1838.1455980355215,Paris,8,Card,0
TXN1024,2285.7892212430093,New York,15,UPI,0
TXN1025,3928.028047351138,Mumbai,20,UPI,0
TXN1026,1006.372172970215,London,14,UPI,0
TXN1027,2576.029847683922,Mumbai,17,ATM,0
TXN1028,2966.148698621592,Tokyo,20,UPI,0
TXN1029,241.78755947278864,Tokyo,19,Wire,0
TXN1030,6699.374818840331,Tokyo,3,UPI,1
TXN1031,860.9153771995848,New York,0,Card,0
TXN1032,334.6074489965448,New York,16,Wire,0
TXN1033,4744.9388308941325,Mumbai,7,Wire,0
TXN1034,4828.503845042052,Tokyo,10,Wire,0
TXN1035,4043.902767101141,Tokyo,5,UPI,0
TXN1036,1530.0227081751198,Paris,15,UPI,0
TXN1037,497.3838488918555,London,8,UPI,0
TXN1038,3424.3228022956628,London,20,ATM,0
TXN1039,2206.3609437606106,Tokyo,0,UPI,0
TXN1040,5384.766008146045,Paris,2,Card,1
TXN1041,2480.932781455238,Mumbai,0,UPI,0
TXN1042,7709.504736891791,Tokyo,3,ATM,1
TXN1043,4547.508806373123,Paris,20,UPI,0
TXN1044,1301.3121081840843,Mumbai,22,Wire,0
TXN1045,3315.98619892637,London,14,Wire,0
TXN1046,1565.4382696861608,New York,15,ATM,0
TXN1047,2605.139425677276,New York,13,UPI,0
TXN1048,92459.78257826596,New York,10,ATM,1
TXN1049,932.42373307238,London,5,ATM,0
TXN1050,4848.227292545147,Mumbai,20,ATM,0
TXN1051,3877.9127885719618,New York,12,UPI,0
TXN1052,4698.099718405304,Mumbai,2,Wire,0
TXN1053,4475.188478633968,Tokyo,23,UPI,0
TXN1054,2993.520894267315,Paris,2,UPI,0
TXN1055,4610.152432765353,New York,0,Card,0
TXN1056,451.5775852390783,Tokyo,17,Wire,0
TXN1057,987.9544834715346,Paris,3,UPI,0
TXN1058,235.68417166358495,Paris,11,UPI,0
TXN1059,1633.398350508689,Mumbai,16,Card,0
TXN1060,1949.4996755505151,New York,18,ATM,0
TXN1061,1364.0316685517405,Paris,13,UPI,0
TXN1062,4145.400170668127,Tokyo,12,Wire,0
TXN1063,1790.1991002010104,Tokyo,4,ATM,0
TXN1064,1411.86320334003,London,10,UPI,0
TXN1065,2718.05345495966,Paris,1,UPI,0
TXN1066,713.2118826240657,Paris,20,ATM,0
TXN1067,4012.962933962658,Paris,4,Wire,0
TXN1068,382.0077119620564,Paris,21,UPI,0
TXN1069,4934.565813636581,Mumbai,23,UPI,0
TXN1070,3863.5013987903203,London,16,Card,0
TXN1071,1001.5912508555203,London,9,UPI,0
TXN1072,37.55536444677597,New York,15,Wire,0
TXN1073,4079.1525279896223,London,16,Card,0
TXN1074,3537.2181457996094,Paris,13,UPI,0
TXN1075,3647.7457685245267,New York,7,Card,0
TXN1076,3858.6390299628692,London,13,UPI,0
TXN1077,379.4828121531109,Tokyo,6,ATM,0
TXN1078,1798.7439854359204,Mumbai,14,Wire,0
TXN1079,588.1866070303972,London,17,ATM,0
TXN1080,4316.886095119212,Mumbai,22,ATM,0
TXN1081,3120.257652869514,New York,11,Wire,0
TXN1082,99383.40039983235,Paris,19,Card,1
TXN1083,327.1561679272579,New York,23,Card,0
TXN1084,1561.8017853611543,New York,14,ATM,0
TXN1085,1632.6647769134677,Paris,8,UPI,0
TXN1086,3650.73482990694,London,3,UPI,0
TXN1087,3191.4117820625133,Tokyo,19,Wire,0
TXN1088,4437.191585455869,London,21,Card,0
TXN1089,2366.352476558127,London,11,Wire,0
TXN1090,606.7752872321255,London,22,Card,0
TXN1091,3569.091488242745,New York,10,Wire,0
TXN1092,3806.3173925983183,Paris,17,Card,0
TXN1093,2810.7732158717863,Tokyo,16,Card,0
TXN1094,3857.126227973259,Tokyo,10,ATM,0
TXN1095,2474.04002585831,London,22,Card,0
TXN1096,2618.4368186161505,London,11,Card,0
TXN1097,2143.429681609163,Tokyo,0,Card,0
TXN1098,136.84144245303497,London,12,ATM,0
TXN1099,548.3782206965892,London,0,ATM,0
TXN1100,166.8316365768039,London,23,ATM,0
TXN1101,3185.687952206264,New York,16,ATM,0
TXN1102,1578.6363455708702,Mumbai,14,UPI,0
TXN1103,2547.767748911867,Paris,12,Wire,0
TXN1104,4538.756704891204,London,13,Card,0
TXN1105,1253.968223452886,Paris,18,Wire,0
TXN1106,2057.8107859477923,Paris,10,ATM,0
TXN1107,3780.200181329813,Mumbai,17,Wire,0
TXN1108,1151.7028458031962,Tokyo,9,Wire,0
TXN1109,394.12975004567704,Tokyo,18,Wire,0
TXN1110,1455.8597500397025,Tokyo,23,ATM,0
TXN1111,814.4942233974821,New York,22,Wire,0
TXN1112,4649.191285189439,Tokyo,6,Card,0
TXN1113,4042.5206940264407,Mumbai,9,UPI,0
TXN1114,3170.684744987013,New York,6,UPI,0
TXN1115,4358.588345036711,London,0,Wire,0
TXN1116,4020.3236637265813,Paris,6,ATM,0
TXN1117,940.9845938413189,New York,21,ATM,0
TXN1118,4463.869402464989,New York,6,Wire,0
TXN1119,2701.317787159097,Paris,22,Wire,0
TXN1120,4039.126374268672,Tokyo,23,ATM,0
TXN1121,4481.495586618231,Mumbai,9,UPI,0
TXN1122,1596.8373401096007,Tokyo,11,Card,0
TXN1123,559.159103393107,New York,15,ATM,0
TXN1124,1147.396461084289,Paris,9,ATM,0
TXN1125,2141.267865245019,London,12,UPI,0
TXN1126,6150.044186438516,New York,2,Card,1
TXN1127,4305.045610449154,Tokyo,20,UPI,0
TXN1128,44.69113135064161,Mumbai,2,Wire,0
TXN1129,2558.629039862053,Mumbai,23,Card,0
TXN1130,2092.880905712407,Paris,12,ATM,0
TXN1131,1118.317974248944,New York,22,Card,0
TXN1132,608.1281829950772,New York,12,Wire,0
TXN1133,1694.6997053041034,Mumbai,16,Wire,0
TXN1134,4715.11942252347,New York,2,Wire,0
TXN1135,1622.7826307835685,New York,21,Card,0
TXN1136,2598.7652024993968,New York,12,Card,0
TXN1137,3518.0646048869376,Mumbai,12,ATM,0
TXN1138,1824.5117158726769,London,21,Card,0
TXN1139,4859.192592777594,Mumbai,19,Card,0
TXN1140,4812.612001761135,Tokyo,13,Wire,0
TXN1141,1266.393656168567,Mumbai,21,Wire,0
TXN1142,2491.2700444030033,Mumbai,8,ATM,0
TXN1143,1511.3827659856806,Mumbai,0,Wire,0
TXN1144,1431.3540669435633,Tokyo,2,UPI,0
TXN1145,194.06586729911865,Tokyo,4,Wire,0
TXN1146,3051.726026559685,London,19,UPI,0
TXN1147,86238.33857643808,New York,11,Wire,1
TXN1148,266.8789687374469,Paris,5,Card,0
TXN1149,1400.445856540691,New York,20,UPI,0
TXN1150,4542.246770973602,Tokyo,12,UPI,0
TXN1151,1205.4138344281923,Tokyo,13,UPI,0
TXN1152,733.0254117352032,Paris,12,Wire,0
TXN1153,2452.3692737850392,Paris,12,ATM,0
TXN1154,4928.395766011898,Mumbai,23,Wire,0
TXN1155,1217.855804842387,London,20,Wire,0
TXN1156,3363.956381555334,Tokyo,5,ATM,0
TXN1157,3810.4818804903007,New York,17,Card,0
TXN1158,1195.8113445220743,New York,21,Card,0
TXN1159,3643.7995795731795,New York,19,UPI,0
TXN1160,1845.2378322690736,Tokyo,3,Card,0
TXN1161,3165.2060946619617,Paris,1,Card,0
TXN1162,84814.43879390699,Paris,7,Wire,1
TXN1163,2683.5156735330447,Paris,9,ATM,0
TXN1164,460.5459525714974,Mumbai,1,UPI,0
TXN1165,4178.159452990298,Tokyo,5,Card,0
TXN1166,1610.692524208962,Tokyo,4,Wire,0
TXN1167,940.7273668952727,New York,16,UPI,0
TXN1168,213.46795635827195,Tokyo,18,Wire,0
TXN1169,2958.5557865093265,Paris,21,UPI,0
TXN1170,51971.340568425294,Mumbai,8,ATM,1
TXN1171,92.7732663500022,New York,2,ATM,0
TXN1172,2565.344360913412,Tokyo,18,ATM,0
TXN1173,1140.2139182377105,Tokyo,5,Card,0
TXN1174,3229.4122241431546,Paris,16,Wire,0
TXN1175,880.0884807349073,Mumbai,4,Card,0
TXN1176,3457.779313131305,New York,1,Wire,0
TXN1177,6106.047209098011,Mumbai,2,Card,1
TXN1178,4684.282643796305,New York,3,UPI,0
TXN1179,696.2295112885063,Paris,7,UPI,0
TXN1180,1711.92109174079,Tokyo,15,UPI,0
TXN1181,576.2328709905395,Mumbai,8,Card,0
TXN1182,4624.221155210028,London,0,UPI,0
TXN1183,4387.923373371095,New York,2,UPI,0
TXN1184,1297.1287222986264,London,7,Wire,0
TXN1185,65955.02366216278,London,6,UPI,1
TXN1186,4087.938779004067,Tokyo,5,Card,0
TXN1187,2780.452049881317,Tokyo,4,UPI,0
TXN1188,2652.9563859964724,Mumbai,17,UPI,0
TXN1189,1216.842931593254,Paris,0,UPI,0
TXN1190,474.58281135143704,Mumbai,5,UPI,0
TXN1191,4487.1066321871,Mumbai,0,Card,0
TXN1192,4503.086105245019,Paris,12,Card,0
TXN1193,3169.176271793607,New York,7,UPI,0
TXN1194,1701.7586573330163,Tokyo,7,ATM,0
TXN1195,1752.555777317178,New York,14,ATM,0
TXN1196,3632.5188375624944,Mumbai,10,UPI,0
TXN1197,4486.58019716336,Paris,13,ATM,0
TXN1198,4436.561257082935,New York,14,Wire,0
TXN1199,3901.578973829543,Tokyo,11,Wire,0
TXN1200,3213.737914309896,New York,0,Wire,0
TXN1201,429.8584253252937,New York,3,Card,0
TXN1202,816.5272833321227,Paris,13,Card,0
TXN1203,4493.7854007501255,New York,3,ATM,0
TXN1204,3036.081007701354,Tokyo,11,Card,0
TXN1205,55.89328756698194,Paris,18,UPI,0
TXN1206,516.3429989015002,London,14,Wire,0
TXN1207,3320.8738278491983,New York,6,Card,0
TXN1208,35.25730339263124,London,3,UPI,0
TXN1209,812.4321765733183,Paris,3,Wire,0
TXN1210,2748.1816089392646,Mumbai,10,Wire,0
TXN1211,3462.5570364865393,London,12,ATM,0
TXN1212,3263.286684917977,Tokyo,20,Card,0
TXN1213,1129.1038542081933,Mumbai,10,Wire,0
TXN1214,3563.774314524204,London,12,ATM,0
TXN1215,1193.8729466090324,Paris,7,Wire,0
TXN1216,1633.744493814746,London,16,Card,0
TXN1217,3734.9921115389407,London,0,UPI,0
TXN1218,3251.6681662456012,Paris,15,Wire,0
TXN1219,4247.624818365948,Paris,5,UPI,0
TXN1220,3291.488332578713,Tokyo,2,ATM,0
TXN1221,2845.8599306440033,Mumbai,9,UPI,0
TXN1222,477.43709146218146,New York,15,ATM,0
TXN1223,1844.9018572665732,New York,21,Card,0
TXN1224,1333.35981473181,New York,9,Wire,0
TXN1225,1227.5083204616271,Paris,9,ATM,0
TXN1226,4865.322668214703,New York,16,UPI,0
TXN1227,1971.5576460871343,Mumbai,1,UPI,0
TXN1228,4461.312310333796,New York,1,ATM,0
TXN1229,3159.381743726342,Mumbai,1,Wire,0
TXN1230,3976.1084046728256,Paris,17,Card,0
TXN1231,5925.664644193098,Tokyo,4,UPI,1
TXN1232,2888.750384285532,Paris,18,ATM,0
TXN1233,2467.663292156131,London,21,Wire,0
TXN1234,984.262509112242,Paris,4,ATM,0
TXN1235,3615.0360551549115,New York,16,ATM,0
TXN1236,1411.0540885798705,London,18,UPI,0
TXN1237,131.33667249295468,Paris,18,UPI,0
TXN1238,3230.9067565767673,Paris,9,Wire,0
TXN1239,893.7822902411742,New York,20,ATM,0
TXN1240,4702.888335921042,Mumbai,23,Wire,0
TXN1241,4770.103599242911,Mumbai,10,UPI,0
TXN1242,4575.173307200038,Tokyo,2,ATM,0
TXN1243,1857.0919142746675,Mumbai,0,Wire,0
TXN1244,87.12851647904847,London,3,Card,0
TXN1245,4642.309627312749,Tokyo,3,UPI,0
TXN1246,2146.6389001033986,Tokyo,3,ATM,0
TXN1247,4833.607547027911,Paris,6,Wire,0
TXN1248,4818.463685675371,Paris,11,Wire,0
TXN1249,4266.517182782127,Tokyo,10,Card,0
TXN1250,1479.2999714272325,London,6,Card,0
TXN1251,1931.6376657236071,Paris,13,Wire,0
TXN1252,4257.171990869116,London,13,ATM,0
TXN1253,1591.4408057298256,Mumbai,8,Card,0
TXN1254,855.7688059636015,Tokyo,15,Card,0
TXN1255,2788.4382996671675,Paris,4,Card,0
TXN1256,4681.412323062297,Tokyo,4,UPI,0
TXN1257,3483.1886854081154,Paris,0,Wire,0
TXN1258,2854.6052387459313,New York,18,Wire,0
TXN1259,494.910703916135,New York,16,UPI,0
TXN1260,3078.886061228857,Tokyo,15,ATM,0
TXN1261,4950.368712020274,Mumbai,23,Wire,0
TXN1262,709.0192360302549,Paris,8,UPI,0
TXN1263,2596.464965295046,New York,15,Card,0
TXN1264,4388.091628920498,New York,14,UPI,0
TXN1265,3706.4354025934804,New York,10,ATM,0
TXN1266,3488.108547566387,Paris,5,Card,0
TXN1267,3515.395579095675,New York,10,UPI,0
TXN1268,1803.8608445865782,Mumbai,1,ATM,0
TXN1269,1475.0233028798218,London,2,Wire,0
TXN1270,4048.712165837783,New York,9,Wire,0
TXN1271,4052.465839449112,Tokyo,19,UPI,0
TXN1272,4336.690869714717,Mumbai,1,Card,0
TXN1273,4567.070357256792,New York,14,UPI,0
TXN1274,2561.5985703160795,Paris,23,Card,0
TXN1275,2512.566310489126,Paris,18,ATM,0
TXN1276,3993.492943044208,Paris,16,UPI,0
TXN1277,3253.3200145810483,Tokyo,8,ATM,0
TXN1278,3512.8147175159397,New York,7,Wire,0
TXN1279,3981.0054204861444,New York,8,UPI,0
TXN1280,4451.1266556696555,London,23,UPI,0
TXN1281,1696.5958326891637,Paris,6,Card,0
TXN1282,1884.1589336733207,Tokyo,5,Wire,0
TXN1283,478.96987980593633,London,13,Wire,0
TXN1284,51063.47054251935,London,7,ATM,1
TXN1285,189.35194624574302,Mumbai,1,Wire,0
TXN1286,2333.334110480976,Mumbai,22,ATM,0
TXN1287,2717.7967271908074,Paris,22,Wire,0
TXN1288,1439.8408481201393,Mumbai,23,ATM,0
TXN1289,2958.2579702393637,New York,14,Card,0
TXN1290,162.19624719585664,Tokyo,21,UPI,0
TXN1291,196.36746185857993,Mumbai,17,ATM,0
TXN1292,4114.776797691695,Mumbai,4,Card,0
TXN1293,7371.071083287319,Paris,4,UPI,1
TXN1294,644.0319581329051,Paris,17,ATM,0
TXN1295,2615.9938676734737,Mumbai,1,Card,0
TXN1296,3852.267829962068,New York,21,Wire,0
TXN1297,1086.9469272092474,London,7,Card,0
TXN1298,3118.2234743368113,London,1,Card,0
TXN1299,435.8838503189023,New York,3,Card,0
TXN1300,267.8917886313524,New York,13,Card,0
TXN1301,2661.4596115250583,Mumbai,12,Wire,0
TXN1302,2707.7692568344314,Tokyo,23,ATM,0
TXN1303,3190.775208476051,Paris,6,Wire,0
TXN1304,3633.195755276081,Paris,8,ATM,0
TXN1305,4879.5018765180475,New York,18,UPI,0
TXN1306,2586.3387380229647,Tokyo,16,ATM,0
TXN1307,1621.5527999768174,Mumbai,8,ATM,0
TXN1308,3977.9791118958315,Tokyo,12,Wire,0
TXN1309,1361.4529337977503,Paris,8,ATM,0
TXN1310,2200.4673893211243,Mumbai,8,ATM,0
TXN1311,401.4973428979071,Paris,1,UPI,0
TXN1312,136.50020964313296,New York,5,UPI,0
TXN1313,4813.615589242846,London,9,Card,0
TXN1314,4181.540801355907,Tokyo,9,ATM,0
TXN1315,3482.911288407553,New York,17,UPI,0
TXN1316,2050.675192627207,London,8,Card,0
TXN1317,874.7386571535204,Paris,11,Card,0
TXN1318,790.6208429287194,Paris,6,UPI,0
TXN1319,1258.7120618413308,London,18,Wire,0
TXN1320,94298.88741180935,Paris,22,Card,1
TXN1321,9222.746992675351,Paris,3,Wire,1
TXN1322,3304.384909821479,London,7,UPI,0
TXN1323,1406.8701457602547,London,19,UPI,0
TXN1324,4774.777750509338,Mumbai,10,Wire,0
TXN1325,3692.105614311885,New York,1,UPI,0
TXN1326,2776.2267220318895,Mumbai,17,UPI,0
TXN1327,3062.4865237094177,London,0,ATM,0
TXN1328,2103.8043115146716,Paris,0,Card,0
TXN1329,1246.1776376107757,New York,6,UPI,0
TXN1330,1786.3036664697954,New York,1,Card,0
TXN1331,3791.652091217202,London,5,ATM,0
TXN1332,81.82350826248178,London,16,Card,0
TXN1333,589.202476129512,New York,1,Card,0
TXN1334,239.55318368854623,New York,8,UPI,0
TXN1335,213.23672357166097,Tokyo,5,ATM,0
TXN1336,4278.748314214926,Mumbai,6,UPI,0
TXN1337,3521.252718306318,London,1,Wire,0
TXN1338,51697.298929289944,Paris,12,ATM,1
TXN1339,498.1924616484974,London,4,Wire,0
TXN1340,2463.1632168329934,Mumbai,23,Wire,0
TXN1341,2372.624136195023,Mumbai,0,ATM,0
TXN1342,874.2773308509758,Mumbai,7,Wire,0
TXN1343,2174.9197296974853,Mumbai,23,UPI,0
TXN1344,1998.5386246428934,Mumbai,1,Wire,0
TXN1345,3083.09198928056,New York,2,Wire,0
TXN1346,3179.1173178295426,Tokyo,23,ATM,0
TXN1347,236.06700876250216,Paris,1,Wire,0
TXN1348,1879.3169469860914,Tokyo,7,Card,0
TXN1349,3133.0409794140396,New York,14,Wire,0
TXN1350,2520.6499303146375,London,10,ATM,0
TXN1351,4283.884307529728,Paris,7,Card,0
TXN1352,3296.8812217785357,Paris,8,ATM,0
TXN1353,823.0427911363341,Tokyo,2,ATM,0
TXN1354,362.1380495281449,New York,22,ATM,0
TXN1355,3215.672198249515,New York,12,Wire,0
TXN1356,142.29143960269286,Tokyo,2,ATM,0
TXN1357,2933.020150554582,London,2,ATM,0
TXN1358,4701.748904710538,London,20,Wire,0
TXN1359,2881.616147600636,Tokyo,23,ATM,0
TXN1360,1946.9679317705443,Mumbai,10,ATM,0
TXN1361,3220.0082100273426,Tokyo,8,Wire,0
TXN1362,2296.681923552668,Mumbai,18,Wire,0
TXN1363,2732.6277786865153,London,16,Card,0
TXN1364,81294.56882185045,Paris,7,Wire,1
TXN1365,1936.6521626258634,Mumbai,7,UPI,0
TXN1366,4806.340913481332,New York,19,ATM,0
TXN1367,4527.699703360758,Paris,2,UPI,0
TXN1368,986.9977625985892,Tokyo,3,ATM,0
TXN1369,356.11289136707563,New York,13,ATM,0
TXN1370,512.8822268733591,New York,20,UPI,0
TXN1371,100.92691000123314,Mumbai,2,Card,0
TXN1372,481.2703741720827,New York,1,UPI,0
TXN1373,3418.2037993476206,Tokyo,20,Card,0
TXN1374,365.23135581654265,Tokyo,0,Card,0
TXN1375,1601.688395165869,Tokyo,22,Wire,0
TXN1376,7981.349392410266,Tokyo,2,Wire,1
TXN1377,126.12695932177107,Mumbai,1,Card,0
TXN1378,4074.1977281187897,New York,13,Wire,0
TXN1379,1416.4553261192657,London,19,ATM,0
TXN1380,599.6424898320647,Mumbai,2,Card,0
TXN1381,3486.7184551671116,Paris,4,ATM,0
TXN1382,3148.4248054316213,Tokyo,2,ATM,0
TXN1383,4388.585347499994,London,17,UPI,0
TXN1384,3678.00450858139,Tokyo,4,ATM,0
TXN1385,4019.3698426203946,New York,17,ATM,0
TXN1386,1417.3525171308193,Mumbai,8,UPI,0
TXN1387,895.4233234608168,Paris,7,Card,0
TXN1388,3755.567610687883,Paris,7,Card,0
TXN1389,4036.1053489436476,Tokyo,8,Card,0
TXN1390,4952.62065858336,Tokyo,14,Wire,0
TXN1391,2068.962207788018,Paris,12,Card,0
TXN1392,1866.370248105988,Paris,10,ATM,0
TXN1393,3884.3006741025642,Tokyo,10,Card,0
TXN1394,1710.609665862559,New York,19,UPI,0
TXN1395,4654.479054761788,Tokyo,1,ATM,0
TXN1396,4293.4796316966285,Paris,17,UPI,0
TXN1397,96262.4158707833,New York,15,Wire,1
TXN1398,3756.846628279572,Paris,11,Wire,0
TXN1399,3775.1689416825648,Tokyo,16,Wire,0
TXN1400,524.5881054913037,Mumbai,23,Wire,0
TXN1401,4513.739004331038,Tokyo,1,Wire,0
TXN1402,2531.2093385148073,Paris,2,ATM,0
TXN1403,4134.0227558776305,New York,8,Card,0
TXN1404,90328.0573930725,London,19,Wire,1
TXN1405,95774.41487940209,Tokyo,11,UPI,1
TXN1406,1952.116376883474,Mumbai,23,Card,0
TXN1407,64.07988088668881,Mumbai,2,ATM,0
TXN1408,4527.8560623321255,Tokyo,22,Wire,0
TXN1409,465.52051716280647,Mumbai,14,ATM,0
TXN1410,1603.37505157617,New York,2,Wire,0
TXN1411,4750.809215583517,Paris,2,Card,0
TXN1412,4753.529663218405,Mumbai,23,UPI,0
TXN1413,2871.455061735198,New York,19,Card,0
TXN1414,3162.867688727298,London,16,ATM,0
TXN1415,2247.743154671816,London,19,Wire,0
TXN1416,1473.121750773342,Mumbai,11,ATM,0
TXN1417,1650.0360813958807,Mumbai,18,UPI,0
TXN1418,3365.8670958244215,London,20,UPI,0
TXN1419,3764.348901894023,Paris,23,Card,0
TXN1420,3959.979428191984,Paris,23,Wire,0
TXN1421,3950.1945325448237,Tokyo,12,Card,0
TXN1422,465.11845421296493,Tokyo,12,Wire,0
TXN1423,2477.1573204658816,London,21,Card,0
TXN1424,5602.834428886394,Paris,3,UPI,1
TXN1425,2752.1491227954402,London,10,ATM,0
TXN1426,2213.2372018531514,New York,10,UPI,0
TXN1427,4439.643871963915,Mumbai,17,ATM,0
TXN1428,1761.0659126348726,Tokyo,22,UPI,0
TXN1429,594.1644119737532,London,18,Card,0
TXN1430,723.528493443651,New York,9,ATM,0
TXN1431,3809.9380522701863,Tokyo,4,Wire,0
TXN1432,3094.908135948143,Mumbai,20,UPI,0
TXN1433,514.6021538527234,Mumbai,3,UPI,0
TXN1434,429.6929625138372,London,6,ATM,0
TXN1435,3507.835965981009,Paris,18,ATM,0
TXN1436,373.0874017573257,Paris,8,Wire,0
TXN1437,4111.0816958588775,New York,9,ATM,0
TXN1438,3534.148713510916,Paris,8,Wire,0
TXN1439,415.93041540307985,Paris,10,Wire,0
TXN1440,433.34019328510766,Mumbai,20,Card,0
TXN1441,4933.331496720865,Tokyo,23,ATM,0
TXN1442,1877.6112708230405,Paris,6,Card,0
TXN1443,1859.5043138637857,London,3,Card,0
TXN1444,4065.869840614938,New York,23,ATM,0
TXN1445,4736.770401145455,London,3,UPI,0
TXN1446,4930.145308476126,Paris,5,ATM,0
TXN1447,3769.3571444421186,Tokyo,15,ATM,0
TXN1448,1887.5353317992697,Mumbai,19,Card,0
TXN1449,426.66857632635714,Paris,5,Card,0
TXN1450,3887.9631104779096,New York,19,Wire,0
TXN1451,2796.437206181667,London,22,ATM,0
TXN1452,2126.8678261424116,Mumbai,3,Card,0
TXN1453,4532.708381622732,Paris,11,Wire,0
TXN1454,564.8754367076951,London,16,ATM,0
TXN1455,2468.1992704113873,Tokyo,17,UPI,0
TXN1456,66.65468738942116,Mumbai,15,ATM,0
TXN1457,8661.124432047805,Paris,4,ATM,1
TXN1458,290.9533456523684,Tokyo,10,Wire,0
TXN1459,602.9014021776788,Tokyo,1,ATM,0
TXN1460,596.4559714177534,Mumbai,3,ATM,0
TXN1461,3249.559407559157,Tokyo,0,Wire,0
TXN1462,3732.763947534462,Tokyo,14,Card,0
TXN1463,2921.0101378348263,Tokyo,4,ATM,0
TXN1464,4811.241016887964,London,0,Card,0
TXN1465,1880.6041918232834,Tokyo,11,Wire,0
TXN1466,1435.703310546485,Tokyo,14,ATM,0
TXN1467,4344.309649665407,New York,22,Wire,0
TXN1468,1125.7432342120687,Tokyo,6,ATM,0
TXN1469,4816.480471808651,Mumbai,15,UPI,0
TXN1470,70.65082870218355,Paris,16,Wire,0
TXN1471,4849.695345271119,London,21,ATM,0
TXN1472,225.3679606333748,New York,18,Wire,0
TXN1473,4456.804137353375,Mumbai,13,Card,0
TXN1474,2643.228534340636,London,11,Card,0
TXN1475,4964.894332635308,Tokyo,18,UPI,0
TXN1476,378.24485802964034,London,11,UPI,0
TXN1477,2773.7328791625905,Mumbai,14,ATM,0
TXN1478,4846.819652739304,Paris,18,Wire,0
TXN1479,2620.2582424090424,Paris,5,UPI,0
TXN1480,3150.69920429496,London,14,Card,0
TXN1481,3481.7859580332397,Tokyo,2,Wire,0
TXN1482,2278.1599131911885,London,15,Card,0
TXN1483,3141.5148196194764,Mumbai,5,Card,0
TXN1484,2925.7284164962703,Paris,16,Wire,0
TXN1485,4506.778472350035,Tokyo,7,UPI,0
TXN1486,236.77743790387478,Paris,4,UPI,0
TXN1487,1412.0063160652294,New York,8,UPI,0
TXN1488,4752.553305542028,Paris,15,UPI,0
TXN1489,4452.416281615672,Mumbai,23,Card,0
TXN1490,2283.7271964007077,Tokyo,4,Card,0
TXN1491,3104.461663029668,New York,14,Wire,0
TXN1492,1394.132103075852,Tokyo,1,Card,0
TXN1493,948.7245870215689,London,1,UPI,0
TXN1494,2323.855040650511,Paris,2,ATM,0
TXN1495,1773.2276178500035,New York,11,UPI,0
TXN1496,2922.4439981358514,Mumbai,9,ATM,0
TXN1497,397.8958384552743,Mumbai,10,Wire,0
TXN1498,4872.230090254171,New York,6,Card,0
TXN1499,4931.191614953218,New York,10,ATM,0
TXN1500,3493.826952958528,Tokyo,6,Card,0
TXN1501,2685.120868057161,Tokyo,7,ATM,0
TXN1502,5185.038173577463,Mumbai,3,Card,1
TXN1503,4070.837148337674,Paris,14,ATM,0
TXN1504,3426.8085510438577,Tokyo,19,ATM,0
TXN1505,821.4585273310075,Paris,13,Wire,0
TXN1506,4555.526650624274,Mumbai,17,Wire,0
TXN1507,4114.460842186613,Tokyo,4,UPI,0
TXN1508,4749.501567326701,New York,12,UPI,0
TXN1509,3631.3403468579163,London,22,ATM,0
TXN1510,3070.9418277195914,London,11,Wire,0
TXN1511,2097.032751090188,New York,6,ATM,0
TXN1512,4664.315131936526,Mumbai,4,Card,0
TXN1513,4331.658808607038,Paris,14,Wire,0
TXN1514,235.64116382988513,New York,20,Card,0
TXN1515,141.5712027412875,New York,22,Wire,0
TXN1516,1888.5522007214674,Tokyo,19,Card,0
TXN1517,6248.34004429593,New York,3,Card,1
TXN1518,6576.451689153051,London,4,UPI,1
TXN1519,760.5802866066057,New York,23,Card,0
TXN1520,2974.712269607154,Mumbai,7,Card,0
TXN1521,1910.6453745887973,New York,23,UPI,0
TXN1522,4849.87284509487,New York,23,UPI,0
TXN1523,4212.173426447186,Mumbai,22,Wire,0
TXN1524,4193.260236508578,New York,17,ATM,0
TXN1525,2348.778867376902,New York,4,ATM,0
TXN1526,2079.949316664949,Tokyo,23,Wire,0
TXN1527,1374.3012889342242,London,22,Wire,0
TXN1528,98552.91225826839,Mumbai,20,Wire,1
TXN1529,4324.964657512715,Tokyo,17,ATM,0
TXN1530,4066.376035559087,Paris,16,ATM,0
TXN1531,4998.591189697791,New York,8,Card,0
TXN1532,4983.217816998788,Mumbai,4,Wire,0
TXN1533,2781.604210957111,London,14,Wire,0
TXN1534,3847.2472017507475,Tokyo,5,UPI,0
TXN1535,4724.380992113316,New York,7,Card,0
TXN1536,4249.740479480283,Tokyo,5,Wire,0
TXN1537,1244.2670276985564,Mumbai,15,ATM,0
TXN1538,2258.215235197367,Mumbai,23,UPI,0
TXN1539,654.50548160596,Paris,20,ATM,0
TXN1540,8527.875862578443,New York,3,ATM,1
TXN1541,3034.8114259098916,London,11,Card,0
TXN1542,1150.927599462279,New York,15,Wire,0
TXN1543,3361.786415185225,Mumbai,12,UPI,0
TXN1544,3094.4599198849,Tokyo,1,ATM,0
TXN1545,1797.2319629838742,New York,7,Card,0
TXN1546,576.6523850761488,Paris,0,Card,0
TXN1547,3361.15024600807,Paris,9,Card,0
TXN1548,2606.3354275099286,Mumbai,1,Wire,0
TXN1549,3863.86877476084,Mumbai,5,Wire,0
TXN1550,2605.615870548847,London,15,Wire,0
TXN1551,4262.385686589515,New York,16,UPI,0
TXN1552,2764.015125484683,Tokyo,9,Wire,0
TXN1553,2809.0804779615773,Mumbai,15,Card,0
TXN1554,4384.501477265142,London,4,ATM,0
TXN1555,2023.3795023998612,Tokyo,0,ATM,0
TXN1556,678.7359899686973,Mumbai,7,UPI,0
TXN1557,153.62555480356147,Paris,16,ATM,0
TXN1558,3778.1349058113587,Paris,23,Wire,0
TXN1559,3105.3446612537887,New York,21,UPI,0
TXN1560,3523.358042815126,Mumbai,8,UPI,0
TXN1561,1072.6911659294647,Paris,14,UPI,0
TXN1562,690.4936631779811,Mumbai,8,UPI,0
TXN1563,82.57788168273082,New York,1,ATM,0
TXN1564,1759.431918444919,New York,0,ATM,0
TXN1565,2953.689257404619,Paris,14,Card,0
TXN1566,1967.2977850476643,New York,11,ATM,0
TXN1567,2192.999860898408,Paris,2,Card,0
TXN1568,65937.6251466035,New York,8,Card,1
TXN1569,1747.7947804462688,Mumbai,23,ATM,0
TXN1570,2574.807550907456,Mumbai,4,Card,0
TXN1571,84613.82822589262,New York,7,Card,1
TXN1572,1988.748483783138,New York,19,ATM,0
TXN1573,3114.2126341370886,Mumbai,9,Wire,0
TXN1574,4313.1949066462585,New York,9,Wire,0
TXN1575,4748.107912051634,Paris,2,Wire,0
TXN1576,743.8966698358993,Mumbai,17,Wire,0
TXN1577,4633.672249555857,New York,12,UPI,0
TXN1578,2465.6603024668957,Tokyo,1,Wire,0
TXN1579,1298.6394976118022,Mumbai,14,Wire,0
TXN1580,2301.0874236289237,London,2,Wire,0
TXN1581,4900.36255067453,New York,11,UPI,0
TXN1582,2468.1642890244193,Paris,21,Wire,0
TXN1583,1650.470535334666,London,20,Wire,0
TXN1584,3170.6702630404616,London,7,UPI,0
TXN1585,1208.3266377031835,New York,13,ATM,0
TXN1586,388.55800726223293,Mumbai,4,Card,0
TXN1587,653.1098123341396,Paris,9,Card,0
TXN1588,648.9487363992845,New York,9,Card,0
TXN1589,767.9944406263488,Paris,7,Wire,0
TXN1590,702.7475915205566,New York,9,UPI,0
TXN1591,3207.964976568041,Mumbai,0,Wire,0
TXN1592,917.5816211517326,Tokyo,21,Card,0
TXN1593,1734.8797437860774,New York,6,ATM,0
TXN1594,4484.974165430999,Mumbai,1,ATM,0
TXN1595,82939.16833553587,Tokyo,23,Wire,1
TXN1596,3341.1131152199255,New York,5,ATM,0
TXN1597,869.8761572961329,Tokyo,22,UPI,0
TXN1598,969.5222038552672,New York,6,Card,0
TXN1599,213.93439516972953,London,0,Card,0
TXN1600,852.985964730101,New York,12,Wire,0
TXN1601,1400.1657917694736,Mumbai,15,Card,0
TXN1602,893.2823165409666,Paris,5,Card,0
TXN1603,452.6256434477075,New York,12,ATM,0
TXN1604,611.9729967919981,Tokyo,17,UPI,0
TXN1605,2309.286052483302,Paris,7,Card,0
TXN1606,1039.6052548449047,Tokyo,11,ATM,0
TXN1607,1827.7066066298964,Paris,23,ATM,0
TXN1608,2522.0521815657357,New York,20,ATM,0
TXN1609,3455.070194860533,Mumbai,12,Wire,0
TXN1610,206.1675778070837,Paris,23,Wire,0
TXN1611,3999.057890556123,Tokyo,13,UPI,0
TXN1612,3143.2229435596296,London,21,Card,0
TXN1613,417.9775694248708,New York,6,ATM,0
TXN1614,4369.157334292819,New York,14,Card,0
TXN1615,4605.153278653748,Paris,2,UPI,0
TXN1616,314.7790196757701,New York,21,ATM,0
TXN1617,1391.6194642545465,New York,11,UPI,0
TXN1618,4032.9443861673763,London,10,UPI,0
TXN1619,3743.8158550144553,Paris,18,ATM,0
TXN1620,930.7598865883228,Mumbai,20,Wire,0
TXN1621,1054.6531234501845,Paris,16,UPI,0
TXN1622,1858.655792928996,Tokyo,13,ATM,0
TXN1623,2427.7696961031966,Mumbai,19,UPI,0
TXN1624,3095.091309936177,Mumbai,21,Wire,0
TXN1625,1850.8790614531642,Mumbai,14,UPI,0
TXN1626,2318.048233504408,Mumbai,18,Wire,0
TXN1627,3739.879981287445,Tokyo,21,Card,0
TXN1628,193.0491824240835,London,15,ATM,0
TXN1629,7839.726152763147,Tokyo,3,UPI,1
TXN1630,3569.6144335639165,Tokyo,20,ATM,0
TXN1631,4477.0821200591245,New York,16,Wire,0
TXN1632,2563.270436157174,New York,8,Card,0
TXN1633,2665.2462914739253,Mumbai,9,ATM,0
TXN1634,544.7883365854825,Paris,18,Wire,0
TXN1635,2242.5877104490387,New York,23,Card,0
TXN1636,2667.7601596105656,Mumbai,10,Wire,0
TXN1637,1219.927813137301,Mumbai,18,ATM,0
TXN1638,1353.523722437411,Tokyo,8,Card,0
TXN1639,1892.647973892067,London,17,ATM,0
TXN1640,110.15527691085458,Paris,22,UPI,0
TXN1641,1617.1750362600596,London,0,ATM,0
TXN1642,1065.1255549127577,New York,5,Card,0
TXN1643,1644.2117873677942,Tokyo,13,UPI,0
TXN1644,607.6130377780636,New York,21,ATM,0
TXN1645,4453.731130892076,Tokyo,22,Wire,0
TXN1646,2972.026343234703,New York,9,Wire,0
TXN1647,3398.720572531003,Paris,14,UPI,0
TXN1648,3947.964480650618,Mumbai,19,Card,0
TXN1649,2497.226572655996,Paris,12,Wire,0
TXN1650,443.73223755624423,Tokyo,11,UPI,0
TXN1651,2690.1616436745535,Mumbai,19,ATM,0
TXN1652,2938.337178924187,New York,0,ATM,0
TXN1653,3729.7429761798066,New York,9,UPI,0
TXN1654,2163.9811356861,Tokyo,5,Card,0
TXN1655,646.6257109498632,New York,21,UPI,0
TXN1656,1426.041769935635,London,4,Wire,0
TXN1657,1821.780659029189,Paris,15,Card,0
TXN1658,3233.12703424469,Mumbai,22,ATM,0
TXN1659,2858.1837402978704,Paris,15,Card,0
TXN1660,1786.9226622302529,Mumbai,16,UPI,0
TXN1661,4932.711091476968,Paris,13,Card,0
TXN1662,3032.8163485908667,London,18,Card,0
TXN1663,1193.7616907626125,Tokyo,21,UPI,0
TXN1664,517.8945383758146,New York,1,UPI,0
TXN1665,772.7671045298168,Paris,20,Wire,0
TXN1666,1237.3290646386956,Tokyo,6,UPI,0
TXN1667,93647.29179382042,Paris,8,Card,1
TXN1668,940.9694500160158,Paris,8,ATM,0
TXN1669,1432.624891782297,New York,18,Wire,0
TXN1670,875.1342405208266,New York,9,ATM,0
TXN1671,4484.859468885861,New York,20,Wire,0
TXN1672,410.36639085159464,New York,10,UPI,0
TXN1673,2627.311833955571,London,0,Card,0
TXN1674,2057.880166678411,Mumbai,10,Card,0
TXN1675,4912.0692983739455,New York,22,Wire,0
TXN1676,569.0741218185813,London,1,Card,0
TXN1677,1995.2994392382507,Mumbai,12,Wire,0
TXN1678,4847.657462044091,Mumbai,14,Card,0
TXN1679,74471.24818215703,New York,3,UPI,1
TXN1680,4087.1896340369067,Tokyo,3,Card,0
TXN1681,1296.9351069542497,New York,9,ATM,0
TXN1682,862.7290610764285,Mumbai,2,Card,0
TXN1683,3346.5296674229107,Paris,23,Wire,0
TXN1684,4647.586185746653,London,17,Wire,0
TXN1685,2788.2468361395095,Paris,3,Wire,0
TXN1686,2862.3473204548004,New York,13,Wire,0
TXN1687,1407.0956773648181,London,6,Card,0
TXN1688,3849.7697366277653,New York,4,Wire,0
TXN1689,943.3483053020416,New York,11,Card,0
TXN1690,1625.159389657176,New York,19,Wire,0
TXN1691,2132.9278286959197,Tokyo,10,ATM,0
TXN1692,2542.9757896354304,Paris,9,Wire,0
TXN1693,1219.6245647512503,Tokyo,22,UPI,0
TXN1694,583.0357554486257,Tokyo,5,UPI,0
TXN1695,3056.994011783747,Paris,21,UPI,0
TXN1696,1450.2664606688763,London,17,ATM,0
TXN1697,2910.378724898835,New York,2,UPI,0
TXN1698,780.2699492182695,London,19,Card,0
TXN1699,2410.889108255539,Mumbai,1,Wire,0
TXN1700,2667.6212684324137,Tokyo,8,Card,0
TXN1701,268.5994487439103,New York,16,Card,0
TXN1702,1689.6553481876638,New York,17,Card,0
TXN1703,680.7292379254815,Paris,4,Card,0
TXN1704,326.24110265911105,Paris,20,Wire,0
TXN1705,4949.901559625827,Paris,12,Card,0
TXN1706,1618.5456864238677,London,14,ATM,0
TXN1707,4051.273484814628,New York,15,Wire,0
TXN1708,1280.6568672711817,New York,18,UPI,0
TXN1709,3410.698583897407,Paris,23,ATM,0
TXN1710,3803.537020849536,Paris,5,Card,0
TXN1711,2982.2373156331428,Mumbai,23,Card,0
TXN1712,2363.1651808652905,Mumbai,12,UPI,0
TXN1713,2065.08616159487,New York,15,UPI,0
TXN1714,1750.8526500495466,London,4,Wire,0
TXN1715,4648.350429796651,London,7,Wire,0
TXN1716,4154.790844860769,New York,9,Card,0
TXN1717,4825.484284225898,Mumbai,23,Wire,0
TXN1718,630.2431451928682,London,15,ATM,0
TXN1719,3657.0287012661847,Tokyo,9,UPI,0
TXN1720,4692.318879536979,Tokyo,10,Wire,0
TXN1721,914.3530001666442,Mumbai,7,Card,0
TXN1722,341.8163741602197,Tokyo,11,ATM,0
TXN1723,3708.1920399573946,Mumbai,17,UPI,0
TXN1724,76974.56461876686,New York,15,Wire,1
TXN1725,4210.725596023777,Mumbai,23,Wire,0
TXN1726,707.4641593651846,New York,17,Wire,0
TXN1727,3978.383886180852,New York,21,Wire,0
TXN1728,1016.1203270382453,Tokyo,9,Card,0
TXN1729,826.6431548998655,Tokyo,14,Card,0
TXN1730,829.6863316756547,Tokyo,23,ATM,0
TXN1731,4074.727853954597,Tokyo,1,UPI,0
TXN1732,3329.3341312740386,New York,1,Card,0
TXN1733,2620.0964695979055,Mumbai,23,ATM,0
TXN1734,1800.5641157762775,Mumbai,0,ATM,0
TXN1735,4387.23069865741,London,7,Wire,0
TXN1736,1968.3010860389506,New York,20,ATM,0
TXN1737,4084.8312029631697,London,1,Card,0
TXN1738,2201.28319376539,Tokyo,2,UPI,0
TXN1739,1890.952702830289,Paris,1,ATM,0
TXN1740,2318.772130491336,Mumbai,2,UPI,0
TXN1741,1513.875592079069,New York,14,UPI,0
TXN1742,3740.570807079493,New York,6,UPI,0
TXN1743,2518.574746561471,London,23,ATM,0
TXN1744,1168.7413487826184,Tokyo,1,UPI,0
TXN1745,4498.877120640097,Mumbai,22,Card,0
TXN1746,1925.617194652325,Mumbai,20,ATM,0
TXN1747,2722.3287769588032,Mumbai,4,ATM,0
TXN1748,8079.315940911523,Paris,3,UPI,1
TXN1749,3124.9475996108204,Paris,1,ATM,0
TXN1750,593.3212231347367,New York,4,UPI,0
TXN1751,4699.762296831241,Mumbai,9,UPI,0
TXN1752,3142.263184826375,New York,4,UPI,0
TXN1753,1681.1790171388598,Paris,9,Wire,0
TXN1754,704.9676425903024,London,6,UPI,0
TXN1755,3972.185694458777,Paris,19,Card,0
TXN1756,3104.1630520832823,Paris,7,UPI,0
TXN1757,2671.9708489618442,Paris,5,ATM,0
TXN1758,4470.523989424279,Tokyo,15,Card,0
TXN1759,3945.1000840104084,London,21,ATM,0
TXN1760,766.8576498664283,Mumbai,13,UPI,0
TXN1761,1565.4931182997857,Tokyo,6,Wire,0
TXN1762,1249.960807674184,London,21,ATM,0
TXN1763,3722.291999937658,New York,21,Wire,0
TXN1764,177.3268493315391,Paris,16,ATM,0
TXN1765,2853.7495275078695,London,5,Card,0
TXN1766,3814.668841846046,Tokyo,21,UPI,0
TXN1767,4385.06052744113,London,2,ATM,0
TXN1768,1716.9879260923783,London,6,Wire,0
TXN1769,4108.0739503133445,New York,7,UPI,0
TXN1770,562.0523674064841,London,3,Wire,0
TXN1771,4233.796935755246,Mumbai,23,Wire,0
TXN1772,646.1684250365922,New York,6,UPI,0
TXN1773,1992.4635798962327,London,0,UPI,0
TXN1774,3988.503875239973,Mumbai,4,Wire,0
TXN1775,758.0879624703812,Mumbai,11,UPI,0
TXN1776,1153.964462210881,Mumbai,6,Wire,0
TXN1777,3614.040316281401,Mumbai,12,Wire,0
TXN1778,3602.982317364911,Tokyo,21,Wire,0
TXN1779,3209.3266880976335,London,9,Wire,0
TXN1780,3472.802737890829,Mumbai,5,Card,0
TXN1781,2718.194972304505,Paris,10,Wire,0
TXN1782,1266.4773039456943,Mumbai,2,ATM,0
TXN1783,1735.023007584558,Mumbai,21,Wire,0
TXN1784,916.1726068391141,New York,18,UPI,0
TXN1785,4543.168301054806,Mumbai,5,Wire,0
TXN1786,2921.125055882941,Paris,14,Card,0
TXN1787,2010.248569650563,Paris,16,UPI,0
TXN1788,2315.408960184222,New York,22,Wire,0
TXN1789,4736.943864662959,New York,16,ATM,0
TXN1790,84871.013362342,Paris,20,Card,1
TXN1791,2935.2868617638183,New York,19,Wire,0
TXN1792,2534.384507633485,Mumbai,18,Wire,0
TXN1793,3061.1566348188926,Paris,20,ATM,0
TXN1794,100.36981726599414,Paris,9,ATM,0
TXN1795,4361.898305631315,Tokyo,16,UPI,0
TXN1796,4661.270229593226,Mumbai,9,UPI,0
TXN1797,2830.014586110153,Paris,9,UPI,0
TXN1798,3486.287611145692,Paris,10,Card,0
TXN1799,4613.271912074705,Tokyo,22,ATM,0
TXN1800,3539.120785223859,London,2,ATM,0
TXN1801,771.1698241421641,Paris,18,UPI,0
TXN1802,2885.678917232398,Mumbai,16,Wire,0
TXN1803,3037.508081450451,Tokyo,7,UPI,0
TXN1804,2126.412049798906,Paris,15,Wire,0
TXN1805,3684.856735767367,London,8,Card,0
TXN1806,4672.491403697384,Tokyo,11,Wire,0
TXN1807,4628.586879404814,London,1,Card,0
TXN1808,2259.6884633066193,Paris,22,UPI,0
TXN1809,575.0578487453687,New York,15,Wire,0
TXN1810,4924.357582822049,London,13,UPI,0
TXN1811,4196.101451365211,Paris,4,Wire,0
TXN1812,632.0667792043016,Tokyo,20,Card,0
TXN1813,4605.000994260688,New York,23,UPI,0
TXN1814,4350.78284669002,Mumbai,23,ATM,0
TXN1815,2599.0019050591,Paris,17,Card,0
TXN1816,64867.45036862754,Mumbai,7,Card,1
TXN1817,2001.02349231195,Tokyo,18,ATM,0
TXN1818,283.26057772193633,Tokyo,10,UPI,0
TXN1819,1682.6342358130455,London,18,ATM,0
TXN1820,4016.2387085040773,Tokyo,6,UPI,0
TXN1821,33.113794792968264,New York,0,UPI,0
TXN1822,1674.1608667388095,New York,7,ATM,0
TXN1823,1996.861781018807,Tokyo,15,Card,0
TXN1824,2691.6040586602353,Tokyo,18,UPI,0
TXN1825,4600.079525899675,New York,15,Card,0
TXN1826,1738.2665118861466,Mumbai,23,UPI,0
TXN1827,1741.2964774621762,Mumbai,0,UPI,0
TXN1828,3690.1312280676443,Tokyo,7,UPI,0
TXN1829,2266.5675250401378,New York,8,Wire,0
TXN1830,1130.7780664705099,Mumbai,9,Wire,0
TXN1831,2267.67318550214,Paris,23,ATM,0
TXN1832,712.8765316952013,London,12,UPI,0
TXN1833,890.1710626660544,Paris,13,UPI,0
TXN1834,2496.8551859700037,Paris,8,UPI,0
TXN1835,2100.437993027694,New York,0,ATM,0
TXN1836,9144.577370753386,Mumbai,4,Wire,1
TXN1837,1818.3455565919992,Mumbai,13,Card,0
TXN1838,2907.1358678874367,Tokyo,16,UPI,0
TXN1839,3164.9987967184566,New York,8,UPI,0
TXN1840,75.34133837578484,Tokyo,2,Wire,0
TXN1841,3321.0514863633857,Paris,12,Card,0
TXN1842,898.3994746800596,New York,18,Card,0
TXN1843,4805.740884172581,Tokyo,16,UPI,0
TXN1844,751.8270114880337,Paris,11,Card,0
TXN1845,2078.9743773978485,Mumbai,17,ATM,0
TXN1846,435.8948437124329,London,0,ATM,0
TXN1847,4984.402516711278,Mumbai,6,ATM,0
TXN1848,2515.9531015529005,New York,21,UPI,0
TXN1849,2980.9712364270185,New York,13,Wire,0
TXN1850,344.71162216825314,Paris,19,Card,0
TXN1851,3752.302747291897,Mumbai,18,UPI,0
TXN1852,1057.428909546973,London,11,Wire,0
TXN1853,4491.290904309161,Tokyo,12,UPI,0
TXN1854,1033.6468060052157,London,14,ATM,0
TXN1855,961.5317261116962,Tokyo,6,Card,0
TXN1856,192.38284256199344,London,18,ATM,0
TXN1857,2365.614056098896,Tokyo,0,UPI,0
TXN1858,2828.557254980456,Paris,22,Wire,0
TXN1859,337.8861107474783,Paris,16,ATM,0
TXN1860,3879.8828073081027,Mumbai,21,UPI,0
TXN1861,2271.9112853926576,London,3,ATM,0
TXN1862,2626.707443944624,Paris,13,ATM,0
TXN1863,2209.4061072217582,London,10,Wire,0
TXN1864,2009.8076737678766,New York,19,UPI,0
TXN1865,2802.6052532280073,Mumbai,8,UPI,0
TXN1866,784.6488271942554,London,14,Card,0
TXN1867,917.8213711714029,London,22,Wire,0
TXN1868,9310.213254946568,Mumbai,2,UPI,1
TXN1869,4731.116156046827,Mumbai,16,Card,0
TXN1870,1872.8134882359673,Paris,15,ATM,0
TXN1871,1361.0159189863334,New York,11,Card,0
TXN1872,3223.557720762689,New York,8,UPI,0
TXN1873,2049.583513779501,Paris,3,Card,0
TXN1874,136.67791474512086,Mumbai,15,UPI,0
TXN1875,789.2014608572899,New York,4,ATM,0
TXN1876,3582.7014219485136,New York,5,Card,0
TXN1877,3298.0304701316554,Paris,17,UPI,0
TXN1878,145.2090025923826,New York,8,ATM,0
TXN1879,1117.6410880454177,Mumbai,0,ATM,0
TXN1880,1163.0632349744762,Tokyo,3,ATM,0
TXN1881,3362.7447905576546,Paris,18,ATM,0
TXN1882,108.35558339427713,Mumbai,1,Card,0
TXN1883,529.5018241030235,London,9,Card,0
TXN1884,4001.581266012215,Paris,1,Wire,0
TXN1885,900.9378636511248,Mumbai,2,UPI,0
TXN1886,3267.203078180855,London,4,Card,0
TXN1887,1198.5320774231654,Paris,3,Wire,0
TXN1888,506.2125498691324,Paris,15,Card,0
TXN1889,1223.4292330872759,London,0,UPI,0
TXN1890,3614.1119899597393,Mumbai,10,Wire,0
TXN1891,4279.9253758503655,Paris,15,UPI,0
TXN1892,4152.797124189288,New York,22,Wire,0
TXN1893,1991.9458127960895,Paris,17,ATM,0
TXN1894,3343.744831487524,New York,4,Card,0
TXN1895,9720.296698433067,Tokyo,2,ATM,1
TXN1896,1472.8071740024561,Mumbai,20,Card,0
TXN1897,4482.715734420388,Mumbai,22,UPI,0
TXN1898,74.87959831857282,London,3,ATM,0
TXN1899,436.68756896379574,Paris,4,UPI,0
TXN1900,1047.3524131786764,London,23,Wire,0
TXN1901,142.39569733036038,Paris,4,Wire,0
TXN1902,915.3628210980886,Paris,15,UPI,0
TXN1903,2919.377389238764,Tokyo,12,Card,0
TXN1904,2112.9085074565646,Paris,0,Wire,0
TXN1905,4464.431838274105,Paris,5,ATM,0
TXN1906,4089.04337307482,London,2,Card,0
TXN1907,1715.668584972401,Mumbai,6,Wire,0
TXN1908,1304.5229328221494,Tokyo,8,Card,0
TXN1909,1904.6651167546618,New York,6,UPI,0
TXN1910,2955.5717631488906,London,4,Wire,0
TXN1911,1347.6375677061526,London,6,Card,0
TXN1912,3124.5030501671786,New York,7,Wire,0
TXN1913,2052.9641444342897,Paris,23,Card,0
TXN1914,2764.7154324513813,London,8,Card,0
TXN1915,2186.2713803852303,Tokyo,9,Wire,0
TXN1916,1479.3841401141692,London,6,UPI,0
TXN1917,4742.782001741162,Mumbai,11,Card,0
TXN1918,3820.3929128572063,Mumbai,6,Wire,0
TXN1919,709.1647470745982,New York,5,Card,0
TXN1920,4343.655199730585,London,22,Wire,0
TXN1921,2442.281679265073,Paris,8,UPI,0
TXN1922,4473.815612201516,London,1,UPI,0
TXN1923,4001.277727177103,London,13,Wire,0
TXN1924,2131.815387301475,Tokyo,14,ATM,0
TXN1925,122.12184851738581,Paris,6,UPI,0
TXN1926,1350.7000233308809,New York,3,Card,0
TXN1927,2712.754731157726,New York,8,UPI,0
TXN1928,3171.056316932475,Paris,0,UPI,0
TXN1929,1296.8595503116794,Tokyo,9,ATM,0
TXN1930,705.3868096233924,London,21,Wire,0
TXN1931,4176.301881628503,Mumbai,6,ATM,0
TXN1932,4922.166881710725,New York,10,ATM,0
TXN1933,2633.1940096904023,New York,23,UPI,0
TXN1934,866.6796363830344,New York,8,ATM,0
TXN1935,1368.813559331651,Paris,19,UPI,0
TXN1936,101.769475971859,Paris,18,Wire,0
TXN1937,4572.35104473689,Paris,0,UPI,0
TXN1938,597.5779036218042,Tokyo,4,Wire,0
TXN1939,2886.8172128161254,New York,22,ATM,0
TXN1940,1377.535551229158,Tokyo,0,Card,0
TXN1941,2775.3482325538093,Tokyo,1,Wire,0
TXN1942,3260.5877378758023,London,18,Wire,0
TXN1943,51220.0390778269,Paris,6,UPI,1
TXN1944,59028.76725636668,Paris,3,Wire,1
TXN1945,64.86918500581758,Tokyo,0,Wire,0
TXN1946,93504.9436950465,New York,13,UPI,1
TXN1947,4501.093022822044,New York,12,UPI,0
TXN1948,4370.711487036951,Tokyo,10,ATM,0
TXN1949,2991.0913798298384,Paris,23,UPI,0
TXN1950,3006.5791335639306,London,18,Card,0
TXN1951,3328.5330059858147,Mumbai,0,Card,0
TXN1952,885.1026803310134,Paris,23,Wire,0
TXN1953,4572.915610165549,Paris,12,UPI,0
TXN1954,2099.664919211445,New York,15,ATM,0
TXN1955,1921.8612559649923,Tokyo,21,UPI,0
TXN1956,2599.3993493613593,Paris,0,UPI,0
TXN1957,244.36017420752466,Paris,19,ATM,0
TXN1958,839.7540100928362,New York,11,UPI,0
TXN1959,3692.7877459675883,New York,0,UPI,0
TXN1960,423.16535294638106,Paris,12,UPI,0
TXN1961,3019.729026237277,Tokyo,21,UPI,0
TXN1962,1234.2920573097915,Tokyo,23,UPI,0
TXN1963,1952.5851140694629,Mumbai,3,Card,0
TXN1964,1450.5817464857923,New York,11,Wire,0
TXN1965,5326.781703994712,Paris,3,Wire,1
TXN1966,3598.039066869385,New York,10,Card,0
TXN1967,9721.33244556717,Mumbai,2,UPI,1
TXN1968,2836.3591550815167,New York,14,Wire,0
TXN1969,2385.4915069735075,London,8,ATM,0
TXN1970,3321.7191151596144,Mumbai,3,Card,0
TXN1971,4684.780399230543,Mumbai,7,ATM,0
TXN1972,3665.534765079149,Tokyo,14,Card,0
TXN1973,1082.5524891678763,London,21,Card,0
TXN1974,165.6038439558105,New York,13,Card,0
TXN1975,1318.697581056127,Mumbai,2,Card,0
TXN1976,2979.4388741942716,Paris,5,ATM,0
TXN1977,266.61480928640924,London,4,ATM,0
TXN1978,2486.8675735341694,Mumbai,10,Wire,0
TXN1979,2988.245816095277,New York,18,Wire,0
TXN1980,1677.8770151766346,Mumbai,16,ATM,0
TXN1981,3856.8518966916513,New York,4,Wire,0
TXN1982,541.9252831375213,Paris,3,ATM,0
TXN1983,384.93753086168573,Tokyo,22,Wire,0
TXN1984,3643.6618934559806,Paris,5,ATM,0
TXN1985,2482.5016678689303,New York,2,ATM,0
TXN1986,3445.127958174403,Paris,17,Wire,0
TXN1987,2179.7884196326936,London,23,ATM,0
TXN1988,1239.546145863143,Tokyo,16,UPI,0
TXN1989,61647.97373768169,New York,20,Card,1
TXN1990,3999.0852360552067,Tokyo,0,UPI,0
TXN1991,3476.5353895635894,Tokyo,7,UPI,0
TXN1992,1368.0042347775138,Paris,4,Card,0
TXN1993,2955.251027676745,Tokyo,11,UPI,0
TXN1994,1811.2597457307338,New York,14,ATM,0
TXN1995,466.99454589990444,London,12,UPI,0
TXN1996,4587.394741556592,Tokyo,13,UPI,0
TXN1997,692.7249682856174,Tokyo,8,Card,0
TXN1998,4751.684395565804,London,8,Card,0
TXN1999,2235.568807060199,Mumbai,9,Wire,0
